AL_S0002-3D_Ax_T1_FSPGR.nii,AL_S0002-3D_Ax_T1_FSPGR_label.nii
ARG_S0002-3D_Ax_T1_FSPGR.nii,ARG_S0002-3D_Ax_T1_FSPGR_label.nii
AS_S0002-3D_Ax_T1_FSPGR.nii,AS_S0002-3D_Ax_T1_FSPGR_label.nii
BA_S002-3D_Ax_T1_FSPGR.nii,BA_S002-3D_Ax_T1_FSPGR_label.nii
BB_S0002-3D_Ax_T1_FSPGR.nii,BB_S0002-3D_Ax_T1_FSPGR_label.nii
BH_S002-3D_Ax_T1_FSPGR.nii,BH_S002-3D_Ax_T1_FSPGR_label.nii
DD_S002-3D_Ax_T1_FSPGR.nii,DD_S002-3D_Ax_T1_FSPGR_label.nii
EL_S0002-3D_Ax_T1_FSPGR.nii,EL_S0002-3D_Ax_T1_FSPGR_label.nii
GB_S0002-3D_Ax_T1_FSPGR.nii,GB_S0002-3D_Ax_T1_FSPGR_label.nii
HA_S002-3D_Ax_T1_FSPGR.nii,HA_S002-3D_Ax_T1_FSPGR_label.nii
HT_S0002-3D_Ax_T1_FSPGR.nii,HT_S0002-3D_Ax_T1_FSPGR_label.nii
MF_S0002-3D_Ax_T1_FSPGR.nii,MF_S0002-3D_Ax_T1_FSPGR_label.nii
NC_S0002-3D_Ax_T1_FSPGR.nii,NC_S0002-3D_Ax_T1_FSPGR_label.nii
NZ_S002-3D_Ax_T1_FSPGR.nii,NZ_S002-3D_Ax_T1_FSPGR_label.nii
PG_S002-3D_Ax_T1_FSPGR.nii,PG_S002-3D_Ax_T1_FSPGR_label.nii
PJ_S003-3D_Ax_T1_FSPGR.nii,PJ_S003-3D_Ax_T1_FSPGR_label.nii
RA_S002-3D_Ax_T1_FSPGR.nii,RA_S002-3D_Ax_T1_FSPGR_label.nii
SS_S002-3D_Ax_T1_FSPGR.nii,SS_S002-3D_Ax_T1_FSPGR_label.nii
WA_S002-3D_Ax_T1_FSPGR.nii,WA_S002-3D_Ax_T1_FSPGR_label.nii
YZ_S002-3D_Ax_T1_FSPGR.nii,YZ_S002-3D_Ax_T1_FSPGR_label.nii